{"items":{"2609.00000":[[0,3,0,0,0]],"1016.00000":[[0,12,0,0,0]],"1108.00000":[[0,30,0,0,0]],"7815.00000":[[0,1,0,0,0]]}}