{"items":{"3902.00000":[[27,0,0,0,0]],"8547.00000":[[28,0,0,0,0]],"1009.00000":[[28,0,0,0,0]],"465837.00000":[[28,0,0,0,0]],"4133.00000":[[28,0,0,0,0]],"1101.00000":[[27,0,0,0,0]],"5949.00000":[[28,0,0,0,0]],"1095.00000":[[28,0,0,0,0]],"14522.00000":[[28,0,0,0,0]],"967077.00000":[[28,0,0,0,0]],"384711.00000":[[28,0,0,0,0]],"10416.00000":[[27,0,0,0,0]],"230391.00000":[[28,0,0,0,0]],"913501.00000":[[28,0,0,0,0]],"5948.00000":[[28,0,0,0,0]],"7459.00000":[[27,0,0,0,0]],"4599.00000":[[28,0,0,0,0]],"1133.00000":[[28,0,0,0,0]],"401229.00000":[[27,0,0,0,0]],"806641.00000":[[27,0,0,0,0]],"622952.00000":[[28,0,0,0,0]],"240264.00000":[[27,0,0,0,0]],"152111.00000":[[28,0,0,0,0]],"71360.00000":[[27,0,0,0,0]],"18542.00000":[[27,0,0,0,0]],"11821.00000":[[28,0,0,0,0]],"1068.00000":[[28,0,0,0,0]],"21744.00000":[[27,0,0,0,0]],"799024.00000":[[27,0,0,0,0]],"745843.00000":[[27,0,0,0,0]],"687056.00000":[[28,0,0,0,0]],"127277.00000":[[28,0,0,0,0]],"774192.00000":[[28,0,0,0,0]],"4231.00000":[[28,0,0,0,0]],"513786.00000":[[28,0,0,0,0]],"1041.00000":[[27,0,0,0,0]],"14300.00000":[[28,0,0,0,0]],"364473.00000":[[28,0,0,0,0]],"6753.00000":[[28,0,0,0,0]],"13525.00000":[[27,0,0,0,0]],"9500.00000":[[28,0,0,0,0]],"5449.00000":[[28,0,0,0,0]],"883006.00000":[[27,0,0,0,0]],"2609.00000":[[28,0,0,0,0]],"17048.00000":[[28,0,0,0,0]],"149121.00000":[[28,0,0,0,0]],"8536.00000":[[28,0,0,0,0]],"958297.00000":[[28,0,0,0,0]],"126055.00000":[[28,0,0,0,0]],"2970.00000":[[27,0,0,0,0]],"717991.00000":[[28,0,0,0,0]],"1102.00000":[[27,0,0,0,0]],"32331.00000":[[27,0,0,0,0]],"24381.00000":[[28,0,0,0,0]],"582983.00000":[[28,0,0,0,0]],"220874.00000":[[28,0,0,0,0]],"993.00000":[[27,0,0,0,0]],"1086.00000":[[28,0,0,0,0]],"9498.00000":[[27,0,0,0,0]],"11567.00000":[[27,0,0,0,0]],"1025.00000":[[28,0,0,0,0]],"17052.00000":[[28,0,0,0,0]],"115177.00000":[[28,0,0,0,0]],"9497.00000":[[27,0,0,0,0]],"8539.00000":[[27,0,0,0,0]],"210960.00000":[[28,0,0,0,0]],"8478.00000":[[27,0,0,0,0]],"7474.00000":[[28,0,0,0,0]],"17078.00000":[[27,0,0,0,0]],"5733.00000":[[28,0,0,0,0]],"781426.00000":[[28,0,0,0,0]],"351083.00000":[[28,0,0,0,0]],"5798.00000":[[27,0,0,0,0]],"572726.00000":[[28,0,0,0,0]],"464773.00000":[[28,0,0,0,0]],"759163.00000":[[28,0,0,0,0]],"4068.00000":[[28,0,0,0,0]],"7433.00000":[[27,0,0,0,0]],"11056.00000":[[27,0,0,0,0]],"1108.00000":[[28,0,0,0,0]],"336467.00000":[[28,0,0,0,0]],"52733.00000":[[27,0,0,0,0]],"199260.00000":[[28,0,0,0,0]],"211229.00000":[[28,0,0,0,0]],"369634.00000":[[28,0,0,0,0]],"763782.00000":[[28,0,0,0,0]],"874167.00000":[[28,0,0,0,0]],"17075.00000":[[27,0,0,0,0]],"699801.00000":[[28,0,0,0,0]],"229558.00000":[[28,0,0,0,0]],"210255.00000":[[28,0,0,0,0]],"722590.00000":[[28,0,0,0,0]],"78815.00000":[[28,0,0,0,0]],"21745.00000":[[27,0,0,0,0]],"639210.00000":[[27,0,0,0,0]],"4601.00000":[[28,0,0,0,0]],"8535.00000":[[28,0,0,0,0]],"317285.00000":[[28,0,0,0,0]],"1106.00000":[[28,0,0,0,0]],"706761.00000":[[28,0,0,0,0]],"4362.00000":[[27,0,0,0,0]],"60373.00000":[[28,0,0,0,0]],"849013.00000":[[28,0,0,0,0]],"175981.00000":[[27,0,0,0,0]],"552398.00000":[[27,0,0,0,0]],"956524.00000":[[28,0,0,0,0]],"1027.00000":[[28,0,0,0,0]],"1064.00000":[[27,0,0,0,0]],"3387.00000":[[28,0,0,0,0]],"1082.00000":[[28,0,0,0,0]],"665232.00000":[[27,0,0,0,0]],"798681.00000":[[28,0,0,0,0]],"98193.00000":[[27,0,0,0,0]],"123793.00000":[[28,0,0,0,0]],"586035.00000":[[27,0,0,0,0]],"3361.00000":[[28,0,0,0,0]],"1289.00000":[[28,0,0,0,0]],"88844.00000":[[28,0,0,0,0]],"4216.00000":[[28,0,0,0,0]],"22716.00000":[[28,0,0,0,0]],"85194.00000":[[27,0,0,0,0]],"663048.00000":[[27,0,0,0,0]],"650770.00000":[[28,0,0,0,0]],"1066.00000":[[28,0,0,0,0]],"4597.00000":[[28,0,0,0,0]],"67188.00000":[[28,0,0,0,0]],"7821.00000":[[28,0,0,0,0]],"19901.00000":[[28,0,0,0,0]],"5997.00000":[[28,0,0,0,0]],"367381.00000":[[28,0,0,0,0]],"68605.00000":[[27,0,0,0,0]],"32330.00000":[[28,0,0,0,0]],"571094.00000":[[27,0,0,0,0]],"618905.00000":[[28,0,0,0,0]],"4600.00000":[[28,0,0,0,0]],"1092.00000":[[28,0,0,0,0]],"975536.00000":[[28,0,0,0,0]],"3943.00000":[[28,0,0,0,0]],"4233.00000":[[28,0,0,0,0]],"4075.00000":[[28,0,0,0,0]],"639362.00000":[[28,0,0,0,0]],"726237.00000":[[28,0,0,0,0]],"27568.00000":[[27,0,0,0,0]],"94788.00000":[[27,0,0,0,0]],"948881.00000":[[28,0,0,0,0]],"942974.00000":[[28,0,0,0,0]],"7473.00000":[[27,0,0,0,0]],"154047.00000":[[28,0,0,0,0]],"6188.00000":[[28,0,0,0,0]],"706619.00000":[[28,0,0,0,0]],"1051.00000":[[28,0,0,0,0]],"7460.00000":[[27,0,0,0,0]],"413363.00000":[[27,0,0,0,0]],"554572.00000":[[28,0,0,0,0]],"7814.00000":[[27,0,0,0,0]],"9013.00000":[[28,0,0,0,0]],"509585.00000":[[27,0,0,0,0]],"764150.00000":[[28,0,0,0,0]],"1050.00000":[[27,0,0,0,0]],"63280.00000":[[28,0,0,0,0]],"51935.00000":[[28,0,0,0,0]],"5801.00000":[[28,0,0,0,0]],"11581.00000":[[27,0,0,0,0]],"5803.00000":[[28,0,0,0,0]],"7809.00000":[[28,0,0,0,0]],"381437.00000":[[28,0,0,0,0]],"703928.00000":[[28,0,0,0,0]],"209600.00000":[[28,0,0,0,0]],"8707.00000":[[28,0,0,0,0]],"111359.00000":[[28,0,0,0,0]],"1128.00000":[[27,0,0,0,0]],"237075.00000":[[28,0,0,0,0]],"93670.00000":[[27,0,0,0,0]],"1069.00000":[[28,0,0,0,0]],"7811.00000":[[28,0,0,0,0]],"7466.00000":[[27,0,0,0,0]],"1292.00000":[[28,0,0,0,0]],"1007.00000":[[28,0,0,0,0]],"410123.00000":[[28,0,0,0,0]],"311697.00000":[[28,0,0,0,0]],"5797.00000":[[28,0,0,0,0]],"287424.00000":[[28,0,0,0,0]],"47763.00000":[[27,0,0,0,0]],"16377.00000":[[28,0,0,0,0]],"3859.00000":[[28,0,0,0,0]],"1049.00000":[[28,0,0,0,0]],"896827.00000":[[28,0,0,0,0]],"3967.00000":[[28,0,0,0,0]],"5223.00000":[[28,0,0,0,0]],"597820.00000":[[27,0,0,0,0]],"582620.00000":[[28,0,0,0,0]],"20763.00000":[[28,0,0,0,0]],"11565.00000":[[28,0,0,0,0]],"4210.00000":[[28,0,0,0,0]],"38914.00000":[[28,0,0,0,0]],"96341.00000":[[27,0,0,0,0]],"2969.00000":[[27,0,0,0,0]],"571023.00000":[[28,0,0,0,0]],"1096.00000":[[28,0,0,0,0]],"4213.00000":[[28,0,0,0,0]],"49620.00000":[[27,0,0,0,0]],"623544.00000":[[28,0,0,0,0]],"754581.00000":[[27,0,0,0,0]],"757829.00000":[[28,0,0,0,0]],"3941.00000":[[28,0,0,0,0]],"218351.00000":[[28,0,0,0,0]],"4563.00000":[[28,0,0,0,0]],"940839.00000":[[28,0,0,0,0]],"7815.00000":[[27,0,0,0,0]],"222707.00000":[[28,0,0,0,0]],"11552.00000":[[28,0,0,0,0]],"382395.00000":[[28,0,0,0,0]],"8690.00000":[[27,0,0,0,0]],"581528.00000":[[27,0,0,0,0]],"15024.00000":[[28,0,0,0,0]],"8719.00000":[[27,0,0,0,0]],"95205.00000":[[28,0,0,0,0]],"8675.00000":[[28,0,0,0,0]],"515988.00000":[[28,0,0,0,0]],"5931.00000":[[28,0,0,0,0]],"836288.00000":[[28,0,0,0,0]],"4209.00000":[[28,0,0,0,0]],"1103.00000":[[28,0,0,0,0]],"1137.00000":[[28,0,0,0,0]],"868286.00000":[[28,0,0,0,0]],"757444.00000":[[28,0,0,0,0]],"1107.00000":[[28,0,0,0,0]],"26727.00000":[[27,0,0,0,0]],"437013.00000":[[27,0,0,0,0]],"682464.00000":[[27,0,0,0,0]],"649203.00000":[[27,0,0,0,0]],"6483.00000":[[28,0,0,0,0]],"189983.00000":[[28,0,0,0,0]],"17050.00000":[[28,0,0,0,0]],"632542.00000":[[28,0,0,0,0]],"18544.00000":[[28,0,0,0,0]],"853630.00000":[[28,0,0,0,0]],"17072.00000":[[28,0,0,0,0]],"9009.00000":[[28,0,0,0,0]],"20422.00000":[[28,0,0,0,0]],"14820.00000":[[28,0,0,0,0]],"9021.00000":[[28,0,0,0,0]],"8689.00000":[[28,0,0,0,0]],"7044.00000":[[28,0,0,0,0]],"5930.00000":[[28,0,0,0,0]],"527945.00000":[[28,0,0,0,0]],"582588.00000":[[28,0,0,0,0]],"7481.00000":[[27,0,0,0,0]],"15353.00000":[[27,0,0,0,0]],"984652.00000":[[28,0,0,0,0]],"847845.00000":[[27,0,0,0,0]],"51416.00000":[[27,0,0,0,0]],"654624.00000":[[28,0,0,0,0]],"95843.00000":[[27,0,0,0,0]],"6887.00000":[[28,0,0,0,0]],"741630.00000":[[28,0,0,0,0]],"224946.00000":[[28,0,0,0,0]],"795256.00000":[[28,0,0,0,0]],"30409.00000":[[28,0,0,0,0]],"954444.00000":[[28,0,0,0,0]],"842722.00000":[[28,0,0,0,0]],"123667.00000":[[28,0,0,0,0]],"11570.00000":[[27,0,0,0,0]],"52324.00000":[[28,0,0,0,0]],"623987.00000":[[28,0,0,0,0]],"818728.00000":[[28,0,0,0,0]],"17060.00000":[[27,0,0,0,0]],"785496.00000":[[28,0,0,0,0]],"190473.00000":[[28,0,0,0,0]],"1036.00000":[[28,0,0,0,0]],"5454.00000":[[27,0,0,0,0]],"147993.00000":[[28,0,0,0,0]],"78566.00000":[[27,0,0,0,0]],"722642.00000":[[28,0,0,0,0]],"3857.00000":[[28,0,0,0,0]],