{"items":{"21744.00000":[[29,0,0,0,0]],"1116.00000":[[29,0,0,0,0]],"14202.00000":[[29,0,0,0,0]],"90274.00000":[[29,0,0,0,0]],"67188.00000":[[29,0,0,0,0]],"413363.00000":[[29,0,0,0,0]],"20293.00000":[[29,0,0,0,0]],"1131.00000":[[29,0,0,0,0]],"8288.00000":[[29,0,0,0,0]],"971137.00000":[[29,0,0,0,0]],"2116.00000":[[29,0,0,0,0]],"16868.00000":[[29,0,0,0,0]],"6459.00000":[[29,0,0,0,0]],"4361.00000":[[29,0,0,0,0]],"9497.00000":[[29,0,0,0,0]],"8330.00000":[[29,0,0,0,0]],"1049.00000":[[29,0,0,0,0]],"1296.00000":[[29,0,0,0,0]],"993.00000":[[29,0,0,0,0]],"481868.00000":[[29,0,0,0,0]],"956524.00000":[[29,0,0,0,0]],"4363.00000":[[29,0,0,0,0]],"386413.00000":[[29,0,0,0,0]],"8328.00000":[[29,0,0,0,0]],"357325.00000":[[29,0,0,0,0]],"4517.00000":[[29,0,0,0,0]],"600099.00000":[[29,0,0,0,0]],"1288.00000":[[29,0,0,0,0]],"266714.00000":[[29,0,0,0,0]],"2969.00000":[[29,0,0,0,0]],"557124.00000":[[29,0,0,0,0]],"11351.00000":[[29,0,0,0,0]],"1289.00000":[[29,0,0,0,0]],"24381.00000":[[29,0,0,0,0]],"259117.00000":[[29,0,0,0,0]],"3507.00000":[[29,0,0,0,0]],"99610.00000":[[29,0,0,0,0]],"8277.00000":[[29,0,0,0,0]],"669587.00000":[[29,0,0,0,0]],"6455.00000":[[29,0,0,0,0]],"4564.00000":[[29,0,0,0,0]],"7463.00000":[[29,0,0,0,0]],"1115.00000":[[29,0,0,0,0]],"11570.00000":[[29,0,0,0,0]],"95843.00000":[[29,0,0,0,0]],"6472.00000":[[29,0,0,0,0]],"6483.00000":[[29,0,0,0,0]],"46126.00000":[[29,0,0,0,0]],"15049.00000":[[29,0,0,0,0]],"26727.00000":[[29,0,0,0,0]],"16997.00000":[[29,0,0,0,0]],"16372.00000":[[29,0,0,0,0]],"68584.00000":[[29,0,0,0,0]],"7475.00000":[[29,0,0,0,0]],"1027.00000":[[29,0,0,0,0]],"11057.00000":[[29,0,0,0,0]],"32331.00000":[[29,0,0,0,0]],"8687.00000":[[29,0,0,0,0]],"1047.00000":[[29,0,0,0,0]],"1083.00000":[[29,0,0,0,0]],"665232.00000":[[29,0,0,0,0]],"34586.00000":[[29,0,0,0,0]],"4076.00000":[[29,0,0,0,0]],"27568.00000":[[29,0,0,0,0]],"1074.00000":[[29,0,0,0,0]],"4080.00000":[[29,0,0,0,0]],"255541.00000":[[29,0,0,0,0]],"9037.00000":[[29,0,0,0,0]],"3967.00000":[[29,0,0,0,0]],"75697.00000":[[29,0,0,0,0]],"1101.00000":[[29,0,0,0,0]],"8689.00000":[[29,0,0,0,0]],"9498.00000":[[29,0,0,0,0]],"663048.00000":[[29,0,0,0,0]],"953115.00000":[[29,0,0,0,0]],"1128.00000":[[29,0,0,0,0]],"7808.00000":[[29,0,0,0,0]],"16373.00000":[[29,0,0,0,0]],"4133.00000":[[29,0,0,0,0]],"17077.00000":[[29,0,0,0,0]],"1041.00000":[[29,0,0,0,0]],"21211.00000":[[29,0,0,0,0]],"1095.00000":[[29,0,0,0,0]],"11567.00000":[[29,0,0,0,0]],"98193.00000":[[29,0,0,0,0]],"10471.00000":[[29,0,0,0,0]],"2609.00000":[[29,0,0,0,0]],"1113.00000":[[29,0,0,0,0]],"3060.00000":[[29,0,0,0,0]],"804342.00000":[[29,0,0,0,0]],"5936.00000":[[29,0,0,0,0]],"16377.00000":[[29,0,0,0,0]],"8549.00000":[[29,0,0,0,0]],"998.00000":[[29,0,0,0,0]],"5455.00000":[[29,0,0,0,0]],"1009.00000":[[29,0,0,0,0]],"45306.00000":[[29,0,0,0,0]],"6468.00000":[[29,0,0,0,0]],"4600.00000":[[29,0,0,0,0]],"8439.00000":[[29,0,0,0,0]],"1107.00000":[[29,0,0,0,0]],"8531.00000":[[29,0,0,0,0]],"571094.00000":[[29,0,0,0,0]],"1068.00000":[[29,0,0,0,0]],"837212.00000":[[29,0,0,0,0]],"1103.00000":[[29,0,0,0,0]],"11054.00000":[[29,0,0,0,0]],"9418.00000":[[29,0,0,0,0]],"17050.00000":[[29,0,0,0,0]],"7385.00000":[[29,0,0,0,0]],"8329.00000":[[29,0,0,0,0]],"17048.00000":[[29,0,0,0,0]],"18879.00000":[[29,0,0,0,0]],"1086.00000":[[29,0,0,0,0]],"1051.00000":[[29,0,0,0,0]],"7811.00000":[[29,0,0,0,0]],"1050.00000":[[29,0,0,0,0]],"93670.00000":[[29,0,0,0,0]],"362317.00000":[[29,0,0,0,0]],"4597.00000":[[29,0,0,0,0]],"11086.00000":[[29,0,0,0,0]],"52733.00000":[[29,0,0,0,0]],"7477.00000":[[29,0,0,0,0]],"788167.00000":[[29,0,0,0,0]],"9029.00000":[[29,0,0,0,0]],"7470.00000":[[29,0,0,0,0]],"133429.00000":[[29,0,0,0,0]],"4216.00000":[[29,0,0,0,0]],"11837.00000":[[29,0,0,0,0]],"1056.00000":[[29,0,0,0,0]],"639210.00000":[[29,0,0,0,0]],"745843.00000":[[29,0,0,0,0]],"35836.00000":[[29,0,0,0,0]],"7433.00000":[[29,0,0,0,0]],"3902.00000":[[29,0,0,0,0]],"854514.00000":[[29,0,0,0,0]],"11565.00000":[[29,0,0,0,0]],"44041.00000":[[29,0,0,0,0]],"17011.00000":[[29,0,0,0,0]],"8284.00000":[[29,0,0,0,0]],"952698.00000":[[29,0,0,0,0]],"211260.00000":[[29,0,0,0,0]],"306059.00000":[[29,0,0,0,0]],"806641.00000":[[29,0,0,0,0]],"6891.00000":[[29,0,0,0,0]],"82212.00000":[[29,0,0,0,0]],"240264.00000":[[29,0,0,0,0]],"6457.00000":[[29,0,0,0,0]],"5802.00000":[[29,0,0,0,0]],"143294.00000":[[29,0,0,0,0]],"91485.00000":[[29,0,0,0,0]],"85665.00000":[[29,0,0,0,0]],"8540.00000":[[29,0,0,0,0]],"6188.00000":[[29,0,0,0,0]],"682464.00000":[[29,0,0,0,0]],"70697.00000":[[29,0,0,0,0]],"85194.00000":[[29,0,0,0,0]],"1109.00000":[[29,0,0,0,0]],"1016.00000":[[29,0,0,0,0]],"1026.00000":[[29,0,0,0,0]],"1092.00000":[[29,0,0,0,0]],"78566.00000":[[29,0,0,0,0]],"526248.00000":[[29,0,0,0,0]],"38914.00000":[[29,0,0,0,0]],"6757.00000":[[29,0,0,0,0]],"44024.00000":[[29,0,0,0,0]],"19646.00000":[[29,0,0,0,0]],"9499.00000":[[29,0,0,0,0]],"15033.00000":[[29,0,0,0,0]],"5913.00000":[[29,0,0,0,0]],"6132.00000":[[29,0,0,0,0]],"3361.00000":[[29,0,0,0,0]],"8438.00000":[[29,0,0,0,0]],"49396.00000":[[29,0,0,0,0]],"13528.00000":[[29,0,0,0,0]],"532448.00000":[[29,0,0,0,0]],"9541.00000":[[29,0,0,0,0]],"649203.00000":[[29,0,0,0,0]],"49620.00000":[[29,0,0,0,0]],"11552.00000":[[29,0,0,0,0]],"945269.00000":[[29,0,0,0,0]],"1106.00000":[[29,0,0,0,0]],"21743.00000":[[29,0,0,0,0]],"63716.00000":[[29,0,0,0,0]],"6470.00000":[[29,0,0,0,0]],"5005.00000":[[29,0,0,0,0]],"1121.00000":[[29,0,0,0,0]],"3857.00000":[[29,0,0,0,0]],"15353.00000":[[29,0,0,0,0]],"11551.00000":[[29,0,0,0,0]],"19380.00000":[[29,0,0,0,0]],"722556.00000":[[29,0,0,0,0]],"5795.00000":[[29,0,0,0,0]],"11559.00000":[[29,0,0,0,0]],"1079.00000":[[29,0,0,0,0]],"19027.00000":[[29,0,0,0,0]],"208289.00000":[[29,0,0,0,0]],"990.00000":[[29,0,0,0,0]],"924464.00000":[[29,0,0,0,0]],"1005.00000":[[29,0,0,0,0]],"14820.00000":[[29,0,0,0,0]],"847845.00000":[[29,0,0,0,0]],"642046.00000":[[29,0,0,0,0]],"6461.00000":[[29,0,0,0,0]],"3903.00000":[[29,0,0,0,0]],"17043.00000":[[29,0,0,0,0]],"1284.00000":[[29,0,0,0,0]],"874240.00000":[[29,0,0,0,0]],"10858.00000":[[29,0,0,0,0]],"369634.00000":[[29,0,0,0,0]],"4325.00000":[[29,0,0,0,0]],"799024.00000":[[29,0,0,0,0]],"3943.00000":[[29,0,0,0,0]],"3506.00000":[[29,0,0,0,0]],"6473.00000":[[29,0,0,0,0]],"1292.00000":[[29,0,0,0,0]],"12680.00000":[[29,0,0,0,0]],"14854.00000":[[29,0,0,0,0]],"5449.00000":[[29,0,0,0,0]],"12474.00000":[[29,0,0,0,0]],"418591.00000":[[29,0,0,0,0]],"6760.00000":[[29,0,0,0,0]],"3795.00000":[[29,0,0,0,0]],"2970.00000":[[29,0,0,0,0]],"59626.00000":[[29,0,0,0,0]],"3942.00000":[[29,0,0,0,0]],"4079.00000":[[29,0,0,0,0]],"10416.00000":[[29,0,0,0,0]],"55568.00000":[[29,0,0,0,0]],"7474.00000":[[29,0,0,0,0]],"8688.00000":[[29,0,0,0,0]],"586035.00000":[[29,0,0,0,0]],"21748.00000":[[29,0,0,0,0]],"11229.00000":[[29,0,0,0,0]],"4601.00000":[[29,0,0,0,0]],"4075.00000":[[29,0,0,0,0]],"26724.00000":[[29,0,0,0,0]],"1133.00000":[[29,0,0,0,0]],"1013.00000":[[29,0,0,0,0]],"12677.00000":[[29,0,0,0,0]],"539034.00000":[[29,0,0,0,0]],"8533.00000":[[29,0,0,0,0]],"1294.00000":[[29,0,0,0,0]],"68605.00000":[[29,0,0,0,0]],"1066.00000":[[29,0,0,0,0]],"17041.00000":[[29,0,0,0,0]],"7481.00000":[[29,0,0,0,0]],"21742.00000":[[29,0,0,0,0]],"94788.00000":[[29,0,0,0,0]],"560023.00000":[[29,0,0,0,0]],"1064.00000":[[29,0,0,0,0]],"503344.00000":[[29,0,0,0,0]],"8542.00000":[[29,0,0,0,0]],"736728.00000":[[29,0,0,0,0]],"5132.00000":[[29,0,0,0,0]],"3505.00000":[[29,0,0,0,0]],"4209.00000":[[29,0,0,0,0]],"1108.00000":[[29,0,0,0,0]],"11544.00000":[[29,0,0,0,0]],"4077.00000":[[29,0,0,0,0]],"701040.00000":[[29,0,0,0,0]],"1096.00000":[[29,0,0,0,0]],"9019.00000":[[29,0,0,0,0]],"7465.00000":[[29,0,0,0,0]],"557423.00000":[[29,0,0,0,0]],"6187.00000":[[29,0,0,0,0]],"8719.00000":[[29,0,0,0,0]],"8544.00000":[[29,0,0,0,0]],"4599.00000":[[29,0,0,0,0]],"6456.00000":[[29,0,0,0,0]],"8707.00000":[[29,0,0,0,0]],"4360.00000":[[29,0,0,0,0]],"18544.00000":[[29,0,0,0,0]],"17040.00000":[[29,0,0,0,0]],"964968.00000":[[29,0,0,0,0]],"4073.00000":[[29,0,0,0,0]],"9366.00000":[[29,0,0,0,0]],"11230.00000":[[29,0,0,0,0]],